order,id,file,kind,screen,screen_id,text,breaths,when,delivery
1,st1-narrator,assets/vo/st1-narrator.mp3,story,,,"It was a great day, and Momo and Popo were deciding what to do.","","story scene 1, narrator","narrator"
2,st1-momo,assets/vo/st1-momo.mp3,story,,,"Popo, let’s go for a picnic!","","story scene 1, momo","momo"
3,st1-popo,assets/vo/st1-popo.mp3,story,,,"Great idea, Momo!","","story scene 1, popo","popo"
4,st2-momo,assets/vo/st2-momo.mp3,story,,,"I’ll bring the snacks!","","story scene 2, momo","momo"
5,st2-popo,assets/vo/st2-popo.mp3,story,,,"I’ll go ahead and find us a nice spot.","","story scene 2, popo","popo"
6,st3-narrator,assets/vo/st3-narrator.mp3,story,,,"Momo wanted to get there quickly, so he took the shortest route— through Frozen Pass.","","story scene 3, narrator","narrator"
7,st4-momo,assets/vo/st4-momo.mp3,story,,,"This path looks trickier than last time!","","story scene 4, momo","momo"
8,st5-narrator,assets/vo/st5-narrator.mp3,story,,,"Momo needs your help to reach Popo. But first, you’ll need to learn a little more about polygons.","","story scene 5, narrator","narrator"
9,p01,assets/vo/p01.mp3,say,1,intro-hi,"Hi! I am Swiftee.","","screen 1","arriving, friendly"
10,p02,assets/vo/p02.mp3,say,2,intro-remember,"Remember we learned about polygons before.","","screen 2","wondering aloud, a little slower"
11,p03,assets/vo/p03.mp3,say,3,intro-define,"Polygons are closed shapes made from straight lines.","Polygons are closed shapes / made from straight lines.","screen 3","explaining, warm and clear"
12,p04,assets/vo/p04.mp3,say,4,which-polygons,"Which of these are polygons?","","screen 4","asking: curious, open"
13,p05,assets/vo/p05.mp3,say,5,lets-play,"Let’s play with this one.","","screen 5","playful, inviting"
14,p06,assets/vo/p06.mp3,say,6,pick-vertex,"Select any vertex.","","screen 6","explaining, warm and clear"
15,p07i,assets/vo/p07i.mp3,instruction,7,connect,"Let’s connect it to another vertex.","","screen 7, the instruction","an instruction: plain, steady, every word clear"
16,p09,assets/vo/p09.mp3,say,7,connect,"This is a side of the polygon.","","screen 7","explaining, warm and clear"
17,p10i,assets/vo/p10i.mp3,instruction,7,connect,"Let’s connect it to a different vertex.","","screen 7, the instruction","an instruction: plain, steady, every word clear"
18,p12,assets/vo/p12.mp3,say,7,connect,"Yay! You made a diagonal!","","screen 7, after the right answer","a cheer, delighted"
19,p13,assets/vo/p13.mp3,say,8,define-diagonal,"A line segment joining two non-adjacent vertices is a diagonal.","A line segment joining / two non-adjacent vertices / is a diagonal.","screen 8","explaining, warm and clear"
20,p14i,assets/vo/p14i.mp3,instruction,9,another-diagonal,"Let’s draw another diagonal from the same vertex.","","screen 9, the instruction","an instruction: plain, steady, every word clear"
21,p14b,assets/vo/p14b.mp3,say,9,another-diagonal,"All diagonals are still inside.","","screen 9, after the right answer","explaining, warm and clear"
22,p14r,assets/vo/p14r.mp3,reminder,9,another-diagonal,"A diagonal connects non-adjacent vertices.","","screens 9 and 10, from the first wrong answer on","a gentle reminder: warm, clear, never disappointed"
23,p15,assets/vo/p15.mp3,say,10,hexagon-your-turn,"Your turn! Let’s draw all the diagonals from this vertex.","Your turn! / Let’s draw all the diagonals / from this vertex.","screen 10","playful, inviting"
24,p15i,assets/vo/p15i.mp3,instruction,10,hexagon-your-turn,"Let’s draw all the diagonals from this vertex.","","screen 10, the instruction","an instruction: plain, steady, every word clear"
25,p16a,assets/vo/p16a.mp3,say,11,look-diagonals,"Let’s look.","","screen 11","playful, inviting"
26,p16,assets/vo/p16.mp3,say,11,look-diagonals,"Look at the diagonals of this pentagon.","Look at the diagonals / of this pentagon.","screen 11","explaining, warm and clear"
27,p17i,assets/vo/p17i.mp3,instruction,12,inside-or-outside,"Are the diagonals inside or outside?","","screen 12, the instruction","an instruction: plain, steady, every word clear"
28,p17r,assets/vo/p17r.mp3,say,12,inside-or-outside,"These diagonals stay inside the polygon, so the answer is Inside.","","screen 12, after a wrong answer","explaining, warm and clear"
29,p18,assets/vo/p18.mp3,say,13,lets-change,"Let’s make a change.","","screen 13","playful, inviting"
30,p19i,assets/vo/p19i.mp3,instruction,14,drag-inward,"Help me pull this vertex inside.","","screen 14, the instruction","an instruction: plain, steady, every word clear"
31,p20,assets/vo/p20.mp3,say,15,whoa,"Whoa! One of the diagonals went outside.","Whoa! One of the diagonals / went outside.","screen 15","surprised, amazed"
32,p21,assets/vo/p21.mp3,say,16,compare,"Let’s compare the diagonals in both the pentagons.","","screen 16","playful, inviting"
33,p22,assets/vo/p22.mp3,say,17,all-inside,"This one has all the diagonals inside.","","screen 17","explaining, warm and clear"
34,p23,assets/vo/p23.mp3,say,18,one-outside,"But this one has atleast one diagonal outside.","","screen 18","explaining, warm and clear"
35,p24,assets/vo/p24.mp3,say,19,convex,"All diagonals inside means convex polygon.","","screen 19","explaining, warm and clear"
36,p25,assets/vo/p25.mp3,say,20,concave,"Atleast one diagonal outside means concave polygon.","Atleast one diagonal outside / means concave polygon.","screen 20","explaining, warm and clear"
37,p26i,assets/vo/p26i.mp3,instruction,21,make-concave,"Drag any vertex to make this polygon concave.","","screen 21, the instruction","an instruction: plain, steady, every word clear"
38,fb03,assets/vo/fb03.mp3,say,21,make-concave,"Great job!","","screen 21, after the right answer","a cheer, delighted"
39,p26r1,assets/vo/p26r1.mp3,say,21,make-concave,"The diagonals are still inside the shape, so it is still convex.","","screen 21, after a wrong answer","explaining, warm and clear"
40,p26r2,assets/vo/p26r2.mp3,say,21,make-concave,"Now one diagonal goes outside, so the polygon is concave.","","screen 21, after a wrong answer","explaining, warm and clear"
41,p27,assets/vo/p27.mp3,say,22,sort-convex-concave,"Can you sort these polygons as convex or concave?","","screen 22","playful, inviting"
42,p27c,assets/vo/p27c.mp3,say,,,"Look! This corner goes inward.","","screen undefined","explaining, warm and clear"
43,p27v,assets/vo/p27v.mp3,say,,,"Look! No corner goes inward.","","screen undefined","explaining, warm and clear"
44,p28,assets/vo/p28.mp3,say,23,suspicious,"Hmm… The sides look suspiciously alike.","Hmm… / The sides look suspiciously alike.","screen 23","wondering aloud, a little slower"
45,p29m,assets/vo/p29m.mp3,say,24,measure-sides,"Let’s measure.","","screen 24","playful, inviting"
46,p30,assets/vo/p30.mp3,say,25,sides-equal,"Every side is equal. But what about the angles?","Every side is equal. / But what about the angles?","screen 25","asking: curious, open"
47,p31i,assets/vo/p31i.mp3,instruction,26,measure-angles,"Tap the angles to measure them.","","screen 26, the instruction","an instruction: plain, steady, every word clear"
48,p31,assets/vo/p31.mp3,say,26,measure-angles,"The angles match too!","","screen 26","explaining, warm and clear"
49,p32a,assets/vo/p32a.mp3,say,27,distort,"Help me stretch this corner. Let’s see what happens to the sides and angles.","Help me stretch this corner. / Let’s see what happens / to the sides and angles.","screen 27","playful, inviting"
50,p32ai,assets/vo/p32ai.mp3,instruction,27,distort,"Drag the highlighted vertex.","","screen 27, the instruction","an instruction: plain, steady, every word clear"
51,p32b,assets/vo/p32b.mp3,say,28,stayed-changed,"It’s still a pentagon. But are the sides and angles still equal?","It’s still a pentagon. / But are the sides / and angles still equal?","screen 28","asking: curious, open"
52,p32bi,assets/vo/p32bi.mp3,instruction,28,stayed-changed,"Are the sides and angles still equal?","","screen 28, the instruction","an instruction: plain, steady, every word clear"
53,p32r,assets/vo/p32r.mp3,say,28,stayed-changed,"The sides and angles changed, so they are not equal.","","screen 28, after a wrong answer","explaining, warm and clear"
54,p32c,assets/vo/p32c.mp3,say,29,regular-vs-irregular,"All sides AND all angles same: regular. Otherwise, it’s irregular.","All sides AND all angles same: / regular. / Otherwise, it’s irregular.","screen 29","explaining, warm and clear"
55,p33,assets/vo/p33.mp3,say,30,sort-regular,"Where does this polygon belong?","","screen 30","asking: curious, open"
56,p37a,assets/vo/p37a.mp3,say,31,summary,"A vertex is a corner where two sides meet.","","screen 31","explaining, warm and clear"
57,p37b,assets/vo/p37b.mp3,say,31,summary,"A side is a straight line joining two vertices.","","screen 31","explaining, warm and clear"
58,p37c,assets/vo/p37c.mp3,say,31,summary,"An angle is formed where two sides meet.","","screen 31","explaining, warm and clear"
59,p37d,assets/vo/p37d.mp3,say,31,summary,"A diagonal joins two non-adjacent vertices.","","screen 31","explaining, warm and clear"
60,p37e,assets/vo/p37e.mp3,say,31,summary,"In a convex polygon, all diagonals stay inside.","","screen 31","explaining, warm and clear"
61,p37f,assets/vo/p37f.mp3,say,31,summary,"In a concave polygon, atleast one diagonal goes outside.","","screen 31","explaining, warm and clear"
62,p37g,assets/vo/p37g.mp3,say,31,summary,"A regular polygon has all sides and all angles equal.","","screen 31","explaining, warm and clear"
63,p37h,assets/vo/p37h.mp3,say,31,summary,"If the sides or angles are not all equal, the polygon is irregular.","","screen 31","explaining, warm and clear"
64,p37i,assets/vo/p37i.mp3,say,31,summary,"Amazing! You explored all these polygon ideas!","","screen 31","explaining, warm and clear"
65,fb46,assets/vo/fb46.mp3,feedback,,,"Keep going!","","a try that falls short, with the reason","explaining, warm and clear"
66,fb32,assets/vo/fb32.mp3,feedback,,,"Try again!","","a try that falls short, with the reason","explaining, warm and clear"
67,fb44,assets/vo/fb44.mp3,feedback,,,"Not quite. A circle is curved. A polygon has only straight sides.","","a try that falls short, with the reason","explaining, warm and clear"
68,fb45,assets/vo/fb45.mp3,feedback,,,"Not quite. This shape is open. A polygon must be closed.","","a try that falls short, with the reason","explaining, warm and clear"
69,fb39,assets/vo/fb39.mp3,feedback,,,"Try again! Follow each diagonal from corner to corner.","","a try that falls short, with the reason","explaining, warm and clear"
70,fb41,assets/vo/fb41.mp3,feedback,,,"Try again! Compare the sides and angles now.","","a try that falls short, with the reason","explaining, warm and clear"
71,p38a,assets/vo/p38a.mp3,feedback,,,"Honk-tastic!","","a try that falls short, with the reason","explaining, warm and clear"
72,p38b,assets/vo/p38b.mp3,feedback,,,"You are a polygon adventurer!","","a try that falls short, with the reason","explaining, warm and clear"
73,p39,assets/vo/p39.mp3,feedback,,,"You’re ready! Now let’s help Momo.","","a try that falls short, with the reason","explaining, warm and clear"
74,fb15,assets/vo/fb15.mp3,feedback,,,"Drop it on a corner!","","a try that falls short, with the reason","gentle and encouraging, never disappointed"
75,fb11,assets/vo/fb11.mp3,feedback,,,"Pull it in more!","","a try that falls short, with the reason","gentle and encouraging, never disappointed"
76,fb40,assets/vo/fb40.mp3,feedback,,,"Try again! Stretch the corner a little further.","","a try that falls short, with the reason","explaining, warm and clear"
77,fb35,assets/vo/fb35.mp3,feedback,,,"Try again! Every side and every angle is equal.","","a try that falls short, with the reason","explaining, warm and clear"
78,fb36,assets/vo/fb36.mp3,feedback,,,"Try again! The sides are not all equal.","","a try that falls short, with the reason","explaining, warm and clear"
79,fb37,assets/vo/fb37.mp3,feedback,,,"Try again! The angles are not all equal.","","a try that falls short, with the reason","explaining, warm and clear"
80,fb38,assets/vo/fb38.mp3,feedback,,,"Try again! The sides and the angles are not all equal.","","a try that falls short, with the reason","explaining, warm and clear"
81,fb42,assets/vo/fb42.mp3,feedback,,,"Yes! It’s convex: no corner goes inward.","","a try that falls short, with the reason","a cheer, delighted"
82,fb43,assets/vo/fb43.mp3,feedback,,,"Yes! It’s concave: one corner goes inward.","","a try that falls short, with the reason","a cheer, delighted"
